supervoxel_id	root_id	pos_x	pos_y	pos_z	soma_x	soma_y	soma_z	nucleus_id	flow	super_class	cell_class	cell_sub_class	supertype	cell_type	hemibrain_type	ito_lee_hemilineage	hartenstein_hemilineage	top_nt	top_nt_conf	known_nt	known_nt_source	side	nerve	vfb_id	fbbt_id	status	dimorphism	matching_notes	fru_dsx	synonyms
78112261444987077	720575940628857210	109306.0	50491.0	3960.0	104904	47464	5461	2453924	intrinsic	central			12693	PS180	PS180	SMPpv2_ventral	CP1_ventral	acetylcholine	0.9179767281502211			left		fw138205	FBbt_20001935		isomorphic			
82475466912542440	720575940626838909	172029.0	55635.0	1592.0	177472	56936	1429	7393349	intrinsic	central			12156	CB0924		VLPl2_medial	BLAv2_medial	acetylcholine	0.645442320931871			right		fw000001			isomorphic			
83038623024880664	720575940626046919	180632.0	58664.0	1925.0	180632	58664	1925	7415038	intrinsic	central				AVLP429	AVLP429	putative_primary		acetylcholine	0.8447807661163972			right		fw000002	FBbt_20000538		isomorphic			
79801523353604463	720575940630311383	133800.0	56063.0	1847.0	180728	61008	1630	7415013	intrinsic	central				AVLP151	AVLP151	putative_primary	putative_primary	acetylcholine	0.7603873657356213			right		fw000003	FBbt_20000260		isomorphic			
83038554439606237	720575940633370649	180496.0	57448.0	2989.0	180496	57448	2989	7415848	intrinsic	visual_projection				LC27	LC27			acetylcholine	0.8954576758090972			right		fw000004	FBbt_00051248		isomorphic			
83038760597920695	720575940638709326	180165.0	60936.0	2866.0	180608	59880	2461	7415851	intrinsic	visual_projection				LTe07	hb1313879738			glutamate	0.7936909628936927			right		fw000005			isomorphic			
83038760597921847	720575940614754797	180215.0	60963.0	2866.0	180536	61056	2758	7415838	intrinsic	visual_projection				MTe12				acetylcholine	0.8725444660219455			right		fw000006			isomorphic			
82898366706785527	720575940622660490	178816.0	65680.0	2747.0	178816	65680	2747	7415441	intrinsic	visual_projection				MTe04				glutamate	0.6323090686189446			right		fw000007			isomorphic			
82968323536800697	720575940659799937	179630.0	59512.0	5853.0	177744	65304	6053	7421409	intrinsic	visual_projection			10006	VS4	VS	putative_primary	putative_primary	acetylcholine	0.3822870008368552	acetylcholine	Zhao et  al., 2023 (FISH)	right		fw000008			isomorphic			
82405373583145252	720575940626729349	171664.0	59624.0	5706.0	171664	59624	5706	7107490	intrinsic	visual_projection				LPC1	LPC1			acetylcholine	0.6684225998856778	acetylcholine	Davis et al., 2020 (TAPIN)	right		fw000009	FBbt_00111767		isomorphic			
82475604418645257	720575940643249608	172157.0	57725.0	2137.0	171744	58648	918	7102560	intrinsic	central			14347	CB0925		VLPl&d1_lateral	BLAv1_posterior	acetylcholine	0.8685060413816269			right		fw000010			isomorphic			
82897267531093292	720575940619414918	178760.0	48912.0	5615.0	178760	48912	5615	7384088	intrinsic	visual_projection			15260	LC18	LC18	VPNp2		acetylcholine	0.7477693526599163	gaba-negative	Ito et al., 2013 (immuno, lineage based)	right		fw000011	FBbt_0